model,dataset,seed,epoch,loss,train_acc
QHSA-Net,IndianPines,42,1,2.3495550595077814,29.411764705882355
QHSA-Net,IndianPines,42,2,1.9156876498577642,33.62745098039216
QHSA-Net,IndianPines,42,3,1.7059995557747636,39.80392156862745
QHSA-Net,IndianPines,42,4,1.4853974758409987,47.05882352941176
QHSA-Net,IndianPines,42,5,1.3231697578056185,51.76470588235295
QHSA-Net,IndianPines,42,6,1.197924936051462,54.11764705882353
QHSA-Net,IndianPines,42,7,1.0975293916814468,58.235294117647065
QHSA-Net,IndianPines,42,8,0.9860569500455669,63.52941176470588
QHSA-Net,IndianPines,42,9,0.8424998965917849,69.41176470588235
QHSA-Net,IndianPines,42,10,0.8217274025374768,69.80392156862744
QHSA-Net,IndianPines,42,11,0.7657618630166148,70.7843137254902
QHSA-Net,IndianPines,42,12,0.5849071131033056,80.3921568627451
QHSA-Net,IndianPines,42,13,0.5080913017777836,82.6470588235294
QHSA-Net,IndianPines,42,14,0.4724934997511845,83.92156862745098
QHSA-Net,IndianPines,42,15,0.3889304505259383,87.3529411764706
QHSA-Net,IndianPines,42,16,0.31242899514880834,90.09803921568627
QHSA-Net,IndianPines,42,17,0.3070921179126291,90.98039215686275
QHSA-Net,IndianPines,42,18,0.2582001021095351,91.56862745098039
QHSA-Net,IndianPines,42,19,0.2379572089396271,92.25490196078432
QHSA-Net,IndianPines,42,20,0.20529173285353416,94.01960784313725
QHSA-Net,IndianPines,42,21,0.1887734763178171,94.80392156862744
QHSA-Net,IndianPines,42,22,0.14282765356349011,96.37254901960785
QHSA-Net,IndianPines,42,23,0.1253232357840912,96.66666666666667
QHSA-Net,IndianPines,42,24,0.10920079353393293,98.13725490196077
QHSA-Net,IndianPines,42,25,0.11303309444703308,97.74509803921568
QHSA-Net,IndianPines,42,26,0.10826025032529644,98.23529411764706
QHSA-Net,IndianPines,42,27,0.09617424180694654,98.33333333333333
QHSA-Net,IndianPines,42,28,0.09438463174829297,98.62745098039215
QHSA-Net,IndianPines,42,29,0.10181024653070113,98.0392156862745
QHSA-Net,IndianPines,42,30,0.09876967542896084,98.0392156862745
SSRN,IndianPines,42,1,1.9405021985371909,42.450980392156865
SSRN,IndianPines,42,2,0.9562759728992687,65.7843137254902
SSRN,IndianPines,42,3,0.6533855854296217,79.01960784313725
SSRN,IndianPines,42,4,0.42733313873702405,84.50980392156863
SSRN,IndianPines,42,5,0.25527140731905024,90.7843137254902
SSRN,IndianPines,42,6,0.24022245272701861,91.86274509803921
SSRN,IndianPines,42,7,0.1631504366795222,94.50980392156862
SSRN,IndianPines,42,8,0.14512087913120494,94.6078431372549
SSRN,IndianPines,42,9,0.14362628121002047,95.88235294117648
SSRN,IndianPines,42,10,0.06733296157098284,97.94117647058823
SSRN,IndianPines,42,11,0.04816828600916208,99.01960784313727
SSRN,IndianPines,42,12,0.05091642269170752,98.52941176470588
SSRN,IndianPines,42,13,0.029986544070290583,99.31372549019608
SSRN,IndianPines,42,14,0.022131116710164968,99.80392156862746
SSRN,IndianPines,42,15,0.011585352933216914,99.90196078431373
SSRN,IndianPines,42,16,0.009974796303054865,99.80392156862746
SSRN,IndianPines,42,17,0.012837465081875232,99.80392156862746
SSRN,IndianPines,42,18,0.012925097682312424,99.6078431372549
SSRN,IndianPines,42,19,0.006918170547806749,100.0
SSRN,IndianPines,42,20,0.0038731247862326163,100.0
SSRN,IndianPines,42,21,0.005680360396703084,100.0
SSRN,IndianPines,42,22,0.00452913462056541,100.0
SSRN,IndianPines,42,23,0.0045459188009594,100.0
SSRN,IndianPines,42,24,0.003958880035754513,100.0
SSRN,IndianPines,42,25,0.003707707558265504,100.0
SSRN,IndianPines,42,26,0.003083452750362602,100.0
SSRN,IndianPines,42,27,0.00426397433084454,100.0
SSRN,IndianPines,42,28,0.0031217974190618477,100.0
SSRN,IndianPines,42,29,0.0028729512611878854,100.0
SSRN,IndianPines,42,30,0.0031727455131819143,100.0
3D-CNN-Only,IndianPines,42,1,2.576291606940475,24.215686274509803
3D-CNN-Only,IndianPines,42,2,2.210166030771592,34.80392156862745
3D-CNN-Only,IndianPines,42,3,1.9343732455197502,35.98039215686274
3D-CNN-Only,IndianPines,42,4,1.8120933298971138,36.37254901960784
3D-CNN-Only,IndianPines,42,5,1.73984600983414,37.05882352941177
3D-CNN-Only,IndianPines,42,6,1.6885656244614544,39.31372549019608
3D-CNN-Only,IndianPines,42,7,1.641081125128503,40.3921568627451
3D-CNN-Only,IndianPines,42,8,1.5949597461550844,40.588235294117645
3D-CNN-Only,IndianPines,42,9,1.5789949318941903,41.66666666666667
3D-CNN-Only,IndianPines,42,10,1.5525250547072467,43.72549019607843
3D-CNN-Only,IndianPines,42,11,1.5282144808301739,44.11764705882353
3D-CNN-Only,IndianPines,42,12,1.528718297621783,45.09803921568628
3D-CNN-Only,IndianPines,42,13,1.4910442473841647,47.15686274509804
3D-CNN-Only,IndianPines,42,14,1.464467533896951,47.15686274509804
3D-CNN-Only,IndianPines,42,15,1.4735060430040547,45.78431372549019
3D-CNN-Only,IndianPines,42,16,1.4172429673811968,48.627450980392155
3D-CNN-Only,IndianPines,42,17,1.3957688027737187,48.92156862745098
3D-CNN-Only,IndianPines,42,18,1.3762852378920012,50.09803921568627
3D-CNN-Only,IndianPines,42,19,1.3867164995156083,49.2156862745098
3D-CNN-Only,IndianPines,42,20,1.3493736402661192,49.31372549019608
3D-CNN-Only,IndianPines,42,21,1.3514728340448117,49.2156862745098
3D-CNN-Only,IndianPines,42,22,1.339593381507724,50.294117647058826
3D-CNN-Only,IndianPines,42,23,1.328758927420074,50.0
3D-CNN-Only,IndianPines,42,24,1.3326323280147478,50.588235294117645
3D-CNN-Only,IndianPines,42,25,1.3418560626460057,49.50980392156863
3D-CNN-Only,IndianPines,42,26,1.303877937559988,51.470588235294116
3D-CNN-Only,IndianPines,42,27,1.3086268761578728,50.98039215686274
3D-CNN-Only,IndianPines,42,28,1.3262549316181855,49.90196078431373
3D-CNN-Only,IndianPines,42,29,1.3268459605235678,49.90196078431373
3D-CNN-Only,IndianPines,42,30,1.3182526373395733,50.882352941176464
QHSA-Net,IndianPines,7,1,2.4434493251875335,24.80392156862745
QHSA-Net,IndianPines,7,2,2.008884703879263,35.09803921568627
QHSA-Net,IndianPines,7,3,1.7457142002442303,38.92156862745098
QHSA-Net,IndianPines,7,4,1.582732540953393,45.294117647058826
QHSA-Net,IndianPines,7,5,1.436608593604144,50.0
QHSA-Net,IndianPines,7,6,1.2756148338317872,52.94117647058824
QHSA-Net,IndianPines,7,7,1.1408635522805008,56.86274509803921
QHSA-Net,IndianPines,7,8,1.0240716176874498,61.66666666666667
QHSA-Net,IndianPines,7,9,0.9520088004130943,63.23529411764706
QHSA-Net,IndianPines,7,10,0.8167537041738921,70.68627450980392
QHSA-Net,IndianPines,7,11,0.6763501609072966,76.9607843137255
QHSA-Net,IndianPines,7,12,0.5945689897911222,79.2156862745098
QHSA-Net,IndianPines,7,13,0.4526220125310561,85.68627450980392
QHSA-Net,IndianPines,7,14,0.3829585030967114,88.0392156862745
QHSA-Net,IndianPines,7,15,0.32472364364885814,89.80392156862746
QHSA-Net,IndianPines,7,16,0.2761240352602566,92.45098039215686
QHSA-Net,IndianPines,7,17,0.23750344205136392,93.23529411764706
QHSA-Net,IndianPines,7,18,0.1862296804201369,94.80392156862744
QHSA-Net,IndianPines,7,19,0.15966356773586834,96.17647058823529
QHSA-Net,IndianPines,7,20,0.14932389954725903,96.27450980392157
QHSA-Net,IndianPines,7,21,0.12871238262045617,97.05882352941177
QHSA-Net,IndianPines,7,22,0.10288746923792597,98.23529411764706
QHSA-Net,IndianPines,7,23,0.08955793786866992,98.4313725490196
QHSA-Net,IndianPines,7,24,0.09296865711609523,99.11764705882354
QHSA-Net,IndianPines,7,25,0.08639426095520748,98.4313725490196
QHSA-Net,IndianPines,7,26,0.08333234941842509,98.72549019607844
QHSA-Net,IndianPines,7,27,0.07358278734426872,98.62745098039215
QHSA-Net,IndianPines,7,28,0.0696568935233004,99.31372549019608
QHSA-Net,IndianPines,7,29,0.07010425329208374,99.11764705882354
QHSA-Net,IndianPines,7,30,0.08143027480326447,98.82352941176471
SSRN,IndianPines,7,1,1.9308351126371646,43.8235294117647
SSRN,IndianPines,7,2,0.9052134721886878,66.17647058823529
SSRN,IndianPines,7,3,0.6236300331704757,78.62745098039215
SSRN,IndianPines,7,4,0.3878280187354368,86.86274509803921
SSRN,IndianPines,7,5,0.24294001559416453,92.25490196078432
SSRN,IndianPines,7,6,0.21824085487454545,92.3529411764706
SSRN,IndianPines,7,7,0.21835747425462684,92.3529411764706
SSRN,IndianPines,7,8,0.13662431374484418,95.49019607843138
SSRN,IndianPines,7,9,0.07694865281091016,98.4313725490196
SSRN,IndianPines,7,10,0.11063449207474203,96.37254901960785
SSRN,IndianPines,7,11,0.12190100229253956,96.37254901960785
SSRN,IndianPines,7,12,0.07882441816961064,97.15686274509804
SSRN,IndianPines,7,13,0.052286720655712424,98.92156862745098
SSRN,IndianPines,7,14,0.05932313601175944,98.33333333333333
SSRN,IndianPines,7,15,0.02482190553245007,99.50980392156863
SSRN,IndianPines,7,16,0.01935929809423054,99.50980392156863
SSRN,IndianPines,7,17,0.019791279879270814,99.31372549019608
SSRN,IndianPines,7,18,0.014685625834938357,99.70588235294117
SSRN,IndianPines,7,19,0.01362573809319121,99.80392156862746
SSRN,IndianPines,7,20,0.007934835337686772,100.0
SSRN,IndianPines,7,21,0.007936927573937996,99.90196078431373
SSRN,IndianPines,7,22,0.009908351886506173,99.80392156862746
SSRN,IndianPines,7,23,0.0073424310478217465,100.0
SSRN,IndianPines,7,24,0.006350996639287355,100.0
SSRN,IndianPines,7,25,0.007401345188126844,100.0
SSRN,IndianPines,7,26,0.006667013077394051,100.0
SSRN,IndianPines,7,27,0.006536545144284473,99.90196078431373
SSRN,IndianPines,7,28,0.007441430273191894,99.90196078431373
SSRN,IndianPines,7,29,0.0070257159516069236,100.0
SSRN,IndianPines,7,30,0.004965415461828895,100.0
3D-CNN-Only,IndianPines,7,1,2.583619519775989,27.254901960784313
3D-CNN-Only,IndianPines,7,2,2.2058154414681828,35.88235294117647
3D-CNN-Only,IndianPines,7,3,1.9345904925290276,36.27450980392157
3D-CNN-Only,IndianPines,7,4,1.7917149590510948,36.86274509803922
3D-CNN-Only,IndianPines,7,5,1.7119312094707115,40.09803921568628
3D-CNN-Only,IndianPines,7,6,1.6689389588786105,42.450980392156865
3D-CNN-Only,IndianPines,7,7,1.6028076176549875,44.31372549019608
3D-CNN-Only,IndianPines,7,8,1.5657082136939553,45.3921568627451
3D-CNN-Only,IndianPines,7,9,1.530112145461288,46.07843137254902
3D-CNN-Only,IndianPines,7,10,1.5152552515852684,46.07843137254902
3D-CNN-Only,IndianPines,7,11,1.487142611952389,47.15686274509804
3D-CNN-Only,IndianPines,7,12,1.4523626668780458,48.03921568627451
3D-CNN-Only,IndianPines,7,13,1.4267450140971762,49.90196078431373
3D-CNN-Only,IndianPines,7,14,1.431005086150824,48.72549019607843
3D-CNN-Only,IndianPines,7,15,1.410317014245426,48.627450980392155
3D-CNN-Only,IndianPines,7,16,1.3750522038515876,50.0
3D-CNN-Only,IndianPines,7,17,1.3627501623303282,50.49019607843137
3D-CNN-Only,IndianPines,7,18,1.355156515158859,50.588235294117645
3D-CNN-Only,IndianPines,7,19,1.3397567781747557,50.588235294117645
3D-CNN-Only,IndianPines,7,20,1.3230247988420374,50.78431372549019
3D-CNN-Only,IndianPines,7,21,1.3319693714964624,50.49019607843137
3D-CNN-Only,IndianPines,7,22,1.298928864329469,51.07843137254902
3D-CNN-Only,IndianPines,7,23,1.2916596688476263,52.254901960784316
3D-CNN-Only,IndianPines,7,24,1.2902174355936986,51.9607843137255
3D-CNN-Only,IndianPines,7,25,1.3098836379892687,50.09803921568627
3D-CNN-Only,IndianPines,7,26,1.2807913354798859,51.5686274509804
3D-CNN-Only,IndianPines,7,27,1.2964502554313808,50.68627450980392
3D-CNN-Only,IndianPines,7,28,1.2918187791225957,51.17647058823529
3D-CNN-Only,IndianPines,7,29,1.2802741345237283,52.05882352941177
3D-CNN-Only,IndianPines,7,30,1.2775080367630602,53.03921568627451
QHSA-Net,IndianPines,21,1,2.459229418810676,28.627450980392155
QHSA-Net,IndianPines,21,2,1.9504015431684607,36.37254901960784
QHSA-Net,IndianPines,21,3,1.6965759366166357,37.94117647058823
QHSA-Net,IndianPines,21,4,1.5497984591652365,45.88235294117647
QHSA-Net,IndianPines,21,5,1.3910534003201653,50.3921568627451
QHSA-Net,IndianPines,21,6,1.2622516641429826,54.41176470588235
QHSA-Net,IndianPines,21,7,1.1359832623425652,59.80392156862745
QHSA-Net,IndianPines,21,8,0.9754541850557514,66.56862745098039
QHSA-Net,IndianPines,21,9,0.8589462348059111,69.2156862745098
QHSA-Net,IndianPines,21,10,0.7569351081754647,72.94117647058823
QHSA-Net,IndianPines,21,11,0.6693562535678639,76.5686274509804
QHSA-Net,IndianPines,21,12,0.5790908666218029,79.31372549019608
QHSA-Net,IndianPines,21,13,0.5042802274227143,83.23529411764706
QHSA-Net,IndianPines,21,14,0.5006890100591322,81.07843137254902
QHSA-Net,IndianPines,21,15,0.37821954091389975,87.05882352941177
QHSA-Net,IndianPines,21,16,0.2987547507473067,90.68627450980392
QHSA-Net,IndianPines,21,17,0.23600801463220633,93.52941176470588
QHSA-Net,IndianPines,21,18,0.21298006550938475,94.01960784313725
QHSA-Net,IndianPines,21,19,0.1798463018501506,95.29411764705881
QHSA-Net,IndianPines,21,20,0.15355099831141678,96.96078431372548
QHSA-Net,IndianPines,21,21,0.13801853685986762,96.37254901960785
QHSA-Net,IndianPines,21,22,0.12155799573543025,96.86274509803921
QHSA-Net,IndianPines,21,23,0.09875526907397252,98.72549019607844
QHSA-Net,IndianPines,21,24,0.09331232846951952,98.13725490196077
QHSA-Net,IndianPines,21,25,0.08116195128828871,99.2156862745098
QHSA-Net,IndianPines,21,26,0.07465786104108774,98.92156862745098
QHSA-Net,IndianPines,21,27,0.07327758430265913,99.11764705882354
QHSA-Net,IndianPines,21,28,0.07548090275011811,98.92156862745098
QHSA-Net,IndianPines,21,29,0.0713899884007725,99.6078431372549
QHSA-Net,IndianPines,21,30,0.06943313266132392,99.50980392156863
SSRN,IndianPines,21,1,2.318194388408287,37.745098039215684
SSRN,IndianPines,21,2,1.1264611510669484,60.29411764705882
SSRN,IndianPines,21,3,0.8855453329927782,68.62745098039215
SSRN,IndianPines,21,4,0.5226983075048409,81.56862745098039
SSRN,IndianPines,21,5,0.37987608558991376,88.23529411764706
SSRN,IndianPines,21,6,0.26823657201785667,90.3921568627451
SSRN,IndianPines,21,7,0.15949924745980432,95.09803921568627
SSRN,IndianPines,21,8,0.13491468450018004,95.19607843137254
SSRN,IndianPines,21,9,0.12158489431820664,95.98039215686275
SSRN,IndianPines,21,10,0.15646025072418007,95.19607843137254
SSRN,IndianPines,21,11,0.12181183605217466,96.17647058823529
SSRN,IndianPines,21,12,0.06911059750937948,97.54901960784314
SSRN,IndianPines,21,13,0.043384552031171086,98.92156862745098
SSRN,IndianPines,21,14,0.03812964398998256,99.31372549019608
SSRN,IndianPines,21,15,0.03423629944377086,99.01960784313727
SSRN,IndianPines,21,16,0.026974094030903836,99.50980392156863
SSRN,IndianPines,21,17,0.02140362283178404,99.6078431372549
SSRN,IndianPines,21,18,0.027641622559623977,99.31372549019608
SSRN,IndianPines,21,19,0.014761556137134048,99.90196078431373
SSRN,IndianPines,21,20,0.01016107345839926,100.0
SSRN,IndianPines,21,21,0.007934473341732633,100.0
SSRN,IndianPines,21,22,0.006953904680980771,100.0
SSRN,IndianPines,21,23,0.007074933345703517,100.0
SSRN,IndianPines,21,24,0.010705399144367845,99.90196078431373
SSRN,IndianPines,21,25,0.007595199620460763,100.0
SSRN,IndianPines,21,26,0.0070403730642854,100.0
SSRN,IndianPines,21,27,0.006749128729251086,99.90196078431373
SSRN,IndianPines,21,28,0.006495741468069016,100.0
SSRN,IndianPines,21,29,0.006902184565642885,100.0
SSRN,IndianPines,21,30,0.00859976867031233,100.0
3D-CNN-Only,IndianPines,21,1,2.586971899107391,27.450980392156865
3D-CNN-Only,IndianPines,21,2,2.207041182237513,35.588235294117645
3D-CNN-Only,IndianPines,21,3,1.933759697745828,36.27450980392157
3D-CNN-Only,IndianPines,21,4,1.7803557877447092,36.96078431372549
3D-CNN-Only,IndianPines,21,5,1.7305491821438659,39.90196078431373
3D-CNN-Only,IndianPines,21,6,1.6870355975394156,40.3921568627451
3D-CNN-Only,IndianPines,21,7,1.6151653579637115,42.84313725490196
3D-CNN-Only,IndianPines,21,8,1.5952589670817057,44.01960784313725
3D-CNN-Only,IndianPines,21,9,1.561923681053461,43.529411764705884
3D-CNN-Only,IndianPines,21,10,1.53666058474896,44.80392156862745
3D-CNN-Only,IndianPines,21,11,1.4971143783307543,46.07843137254902
3D-CNN-Only,IndianPines,21,12,1.4793774095236087,47.84313725490196
3D-CNN-Only,IndianPines,21,13,1.4593776324216057,48.23529411764706
3D-CNN-Only,IndianPines,21,14,1.4507335391699099,47.05882352941176
3D-CNN-Only,IndianPines,21,15,1.422797065155179,48.72549019607843
3D-CNN-Only,IndianPines,21,16,1.3970152443530512,49.411764705882355
3D-CNN-Only,IndianPines,21,17,1.408157954496496,47.84313725490196
3D-CNN-Only,IndianPines,21,18,1.4025616823458205,48.8235294117647
3D-CNN-Only,IndianPines,21,19,1.3696719286488552,50.78431372549019
3D-CNN-Only,IndianPines,21,20,1.326632386562871,51.07843137254902
3D-CNN-Only,IndianPines,21,21,1.3308343719033633,52.05882352941177
3D-CNN-Only,IndianPines,21,22,1.3448479063370649,52.450980392156865
3D-CNN-Only,IndianPines,21,23,1.3354016678006042,49.50980392156863
3D-CNN-Only,IndianPines,21,24,1.3063515976363538,51.86274509803922
3D-CNN-Only,IndianPines,21,25,1.3280218040241916,51.470588235294116
3D-CNN-Only,IndianPines,21,26,1.3215142437056,52.05882352941177
3D-CNN-Only,IndianPines,21,27,1.3109973935519947,52.54901960784314
3D-CNN-Only,IndianPines,21,28,1.3065154398188872,51.86274509803922
3D-CNN-Only,IndianPines,21,29,1.2970454075757194,52.450980392156865
3D-CNN-Only,IndianPines,21,30,1.2924123773387834,52.156862745098046
QHSA-Net,Salinas,42,1,1.328453891546047,53.72940958726633
QHSA-Net,Salinas,42,2,0.4824713972868929,78.23431426985007
QHSA-Net,Salinas,42,3,0.34396003776626544,84.58263927447715
QHSA-Net,Salinas,42,4,0.28303954963902067,87.67351471404776
QHSA-Net,Salinas,42,5,0.23454752433427986,90.48676661114196
QHSA-Net,Salinas,42,6,0.19826243814772507,92.17101610216545
QHSA-Net,Salinas,42,7,0.1971927005373591,92.11549139367018
QHSA-Net,Salinas,42,8,0.17794338988483935,92.55968906163243
QHSA-Net,Salinas,42,9,0.1713843607536272,92.76327965944844
QHSA-Net,Salinas,42,10,0.14560124424239473,94.24393855265593
QHSA-Net,Salinas,42,11,0.12577389623654697,95.20636683324079
QHSA-Net,Salinas,42,12,0.11362715236195894,95.90967980751435
QHSA-Net,Salinas,42,13,0.10721990036430479,95.87266333518416
QHSA-Net,Salinas,42,14,0.10139678742418726,95.90967980751435
QHSA-Net,Salinas,42,15,0.10100892788568361,96.0207292245049
QHSA-Net,Salinas,42,16,0.08157518398490368,96.87210808809921
QHSA-Net,Salinas,42,17,0.09967704610659495,96.20581158615585
QHSA-Net,Salinas,42,18,0.0782043668113107,97.13122339441051
QHSA-Net,Salinas,42,19,0.06896128893303977,97.4643716453822
QHSA-Net,Salinas,42,20,0.061629465428652774,97.7234869516935
QHSA-Net,Salinas,42,21,0.07876069890240397,96.83509161576902
QHSA-Net,Salinas,42,22,0.06488536155275695,97.77901166018879
QHSA-Net,Salinas,42,23,0.05729072310572396,97.94558578567462
QHSA-Net,Salinas,42,24,0.05465092527222108,97.96409402183971
QHSA-Net,Salinas,42,25,0.05077791904577961,98.16768461965574
QHSA-Net,Salinas,42,26,0.048606334977071196,98.24171756431612
QHSA-Net,Salinas,42,27,0.04583020846413039,98.35276698130669
QHSA-Net,Salinas,42,28,0.04679016255334574,98.31575050897649
QHSA-Net,Salinas,42,29,0.04486863820291483,98.51934110679252
QHSA-Net,Salinas,42,30,0.041746582208653245,98.51934110679252
SSRN,Salinas,42,1,0.7455886091079267,72.44123635017583
SSRN,Salinas,42,2,0.3072065658841159,88.48787710531187
SSRN,Salinas,42,3,0.2188692688969535,91.89339255968906
SSRN,Salinas,42,4,0.18547529426742743,93.26300203590597
SSRN,Salinas,42,5,0.16751613917200517,93.67018323153803
SSRN,Salinas,42,6,0.09697845563300778,96.48343512863224
SSRN,Salinas,42,7,0.08785030719836719,96.63150101795298
SSRN,Salinas,42,8,0.06103776310927864,97.7605034240237
SSRN,Salinas,42,9,0.0782891073504295,97.39033870072183
SSRN,Salinas,42,10,0.07634109471151172,97.4643716453822
SSRN,Salinas,42,11,0.06519728352102155,97.53840459004257
SSRN,Salinas,42,12,0.07222022821114236,97.427355173052
SSRN,Salinas,42,13,0.04683618094632824,98.16768461965574
SSRN,Salinas,42,14,0.03589154420861453,98.64889875994818
SSRN,Salinas,42,15,0.04576260061343701,98.42679992596706
SSRN,Salinas,42,16,0.03477605545709564,98.8524893577642
SSRN,Salinas,42,17,0.02699959850241779,99.01906348325005
SSRN,Salinas,42,18,0.049212890857454526,98.09365167499537
SSRN,Salinas,42,19,0.027665170108513017,98.90801406625948
SSRN,Salinas,42,20,0.02687487061208384,98.94503053858968
SSRN,Salinas,42,21,0.023519650693240263,99.25967055339626
SSRN,Salinas,42,22,0.014906581358850698,99.44475291504719
SSRN,Salinas,42,23,0.015998804346402662,99.31519526189155
SSRN,Salinas,42,24,0.011455155605773986,99.59281880436794
SSRN,Salinas,42,25,0.00936169098278736,99.77790116601888
SSRN,Salinas,42,26,0.010860279166607995,99.57431056820285
SSRN,Salinas,42,27,0.009102675046440122,99.7038682213585
SSRN,Salinas,42,28,0.013391802063811306,99.44475291504719
SSRN,Salinas,42,29,0.0075868840419671645,99.85193411067925
SSRN,Salinas,42,30,0.008339229693270053,99.7223764575236
3D-CNN-Only,Salinas,42,1,1.9937445475131566,37.9603923746067
3D-CNN-Only,Salinas,42,2,1.1705751430761058,54.50675550620026
3D-CNN-Only,Salinas,42,3,0.8834975915398176,63.81639829724227
3D-CNN-Only,Salinas,42,4,0.7659233175955855,67.1108643346289
3D-CNN-Only,Salinas,42,5,0.712499538759556,68.46196557468073
3D-CNN-Only,Salinas,42,6,0.6682983686388719,70.44234684434574
3D-CNN-Only,Salinas,42,7,0.638955951663668,71.1456598186193
3D-CNN-Only,Salinas,42,8,0.6212740626772885,72.73736812881732
3D-CNN-Only,Salinas,42,9,0.5879645744407925,73.55173052008143
3D-CNN-Only,Salinas,42,10,0.5748000818337641,74.47714232833611
3D-CNN-Only,Salinas,42,11,0.5460947076027292,75.60614473440681
3D-CNN-Only,Salinas,42,12,0.5291137111345838,76.67962243198222
3D-CNN-Only,Salinas,42,13,0.535776742537684,76.25393300018509
3D-CNN-Only,Salinas,42,14,0.5273177775104642,76.64260595965204
3D-CNN-Only,Salinas,42,15,0.5039528465295265,77.80862483805294
3D-CNN-Only,Salinas,42,16,0.5022326933880901,77.25337775310012
3D-CNN-Only,Salinas,42,17,0.4725243393831643,79.67795669072737
3D-CNN-Only,Salinas,42,18,0.47887267071120104,79.011660188784
3D-CNN-Only,Salinas,42,19,0.4708462491115773,79.5854155099019
3D-CNN-Only,Salinas,42,20,0.45472582818930973,80.36276142883582
3D-CNN-Only,Salinas,42,21,0.45735536653334047,80.67740144364241
3D-CNN-Only,Salinas,42,22,0.44730198468275917,80.65889320747732
3D-CNN-Only,Salinas,42,23,0.4402413896701964,80.75143438830278
3D-CNN-Only,Salinas,42,24,0.4486371190949941,80.52933555432166
3D-CNN-Only,Salinas,42,25,0.4432725418988542,80.49231908199148
3D-CNN-Only,Salinas,42,26,0.43965395451606964,80.9735332222839
3D-CNN-Only,Salinas,42,27,0.4428569794958793,81.0105496946141
3D-CNN-Only,Salinas,42,28,0.43001534179605955,81.34369794558579
3D-CNN-Only,Salinas,42,29,0.43987974884685227,80.4367943734962
3D-CNN-Only,Salinas,42,30,0.4250296246734081,81.36220618175088
QHSA-Net,Salinas,7,1,1.3968793936025516,51.8415694984268
QHSA-Net,Salinas,7,2,0.5279954963208745,76.53155654266148
QHSA-Net,Salinas,7,3,0.3932123818034356,82.50971682398668
QHSA-Net,Salinas,7,4,0.3016044135179075,86.76661114195817
QHSA-Net,Salinas,7,5,0.2585265196111055,88.89505830094392
QHSA-Net,Salinas,7,6,0.2692354664071366,88.56191004997224
QHSA-Net,Salinas,7,7,0.22039895829736536,90.85693133444383
QHSA-Net,Salinas,7,8,0.18330402838594712,92.46714788080695
QHSA-Net,Salinas,7,9,0.1563912806851476,93.7257079400333
QHSA-Net,Salinas,7,10,0.14244290327509532,94.04034795483992
QHSA-Net,Salinas,7,11,0.15959145877921932,93.54062557838238
QHSA-Net,Salinas,7,12,0.13494930677522712,94.85471034610401
QHSA-Net,Salinas,7,13,0.10481175815597985,95.98371275217472
QHSA-Net,Salinas,7,14,0.10591225191404725,95.79863039052378
QHSA-Net,Salinas,7,15,0.09220395946412226,96.55746807329263
QHSA-Net,Salinas,7,16,0.08558474563981965,96.79807514343884
QHSA-Net,Salinas,7,17,0.09830525236291486,96.09476216916528
QHSA-Net,Salinas,7,18,0.08510560815519212,96.85359985193412
QHSA-Net,Salinas,7,19,0.0773268205844736,96.90912456042939
QHSA-Net,Salinas,7,20,0.06856067015615526,97.20525633907089
QHSA-Net,Salinas,7,21,0.056716429599163135,97.83453636868407
QHSA-Net,Salinas,7,22,0.06673424686980059,97.427355173052
QHSA-Net,Salinas,7,23,0.052101156408701166,98.09365167499537
QHSA-Net,Salinas,7,24,0.049615558793252204,98.11215991116046
QHSA-Net,Salinas,7,25,0.04576501992636095,98.2972422728114
QHSA-Net,Salinas,7,26,0.04189124183810995,98.50083287062743
QHSA-Net,Salinas,7,27,0.041793860900507976,98.38978345363687
QHSA-Net,Salinas,7,28,0.03930280111763194,98.5933740514529
QHSA-Net,Salinas,7,29,0.03701462583727038,98.75994817693874
QHSA-Net,Salinas,7,30,0.035614405578895565,98.79696464926893
SSRN,Salinas,7,1,0.6991286584895429,73.29261521377013
SSRN,Salinas,7,2,0.32897297376927104,87.69202295021284
SSRN,Salinas,7,3,0.24889199686959432,91.61576901721266
SSRN,Salinas,7,4,0.2087168546654484,92.07847492133999
SSRN,Salinas,7,5,0.16287505479128564,94.15139737183047
SSRN,Salinas,7,6,0.08394513121859003,96.87210808809921
SSRN,Salinas,7,7,0.10913769652928751,95.89117157134925
SSRN,Salinas,7,8,0.0721836286541278,97.1867481029058
SSRN,Salinas,7,9,0.08832643260238525,96.72404219877846
SSRN,Salinas,7,10,0.0644486160969902,97.39033870072183
SSRN,Salinas,7,11,0.05076800001184962,97.89006107717935
SSRN,Salinas,7,12,0.046000814269080155,98.24171756431612
SSRN,Salinas,7,13,0.047686642451946454,98.22320932815103
SSRN,Salinas,7,14,0.04616063088419955,98.07514343883028
SSRN,Salinas,7,15,0.034608687972434465,98.5933740514529
SSRN,Salinas,7,16,0.026078758580167505,98.94503053858968
SSRN,Salinas,7,17,0.0255432675875118,99.01906348325005
SSRN,Salinas,7,18,0.029631652315153256,99.01906348325005
SSRN,Salinas,7,19,0.021476169687171965,99.1301129002406
SSRN,Salinas,7,20,0.014736225328134284,99.51878585970758
SSRN,Salinas,7,21,0.01931655734181735,99.40773644271701
SSRN,Salinas,7,22,0.0087176842855321,99.64834351286322
SSRN,Salinas,7,23,0.006104783759767497,99.81491763834907
SSRN,Salinas,7,24,0.008915557242716539,99.61132704053304
SSRN,Salinas,7,25,0.006740608577626187,99.83342587451416
SSRN,Salinas,7,26,0.010473692937223708,99.61132704053304
SSRN,Salinas,7,27,0.007921189914540066,99.7223764575236
SSRN,Salinas,7,28,0.0074496303319948436,99.79640940218397
SSRN,Salinas,7,29,0.003725522130989083,99.94447529150472
SSRN,Salinas,7,30,0.0045110907066000135,99.88895058300943
3D-CNN-Only,Salinas,7,1,1.977013728209564,37.71978530446049
3D-CNN-Only,Salinas,7,2,1.1568598690881082,55.87636498241717
3D-CNN-Only,Salinas,7,3,0.8652687833945927,63.64982417175643
3D-CNN-Only,Salinas,7,4,0.7474466979713236,68.16583379603924
3D-CNN-Only,Salinas,7,5,0.6851667821153588,70.86803627614289
3D-CNN-Only,Salinas,7,6,0.666329443807759,71.16416805478438
3D-CNN-Only,Salinas,7,7,0.6257908668823425,71.86748102905793
3D-CNN-Only,Salinas,7,8,0.5707422725121313,74.82879881547288
3D-CNN-Only,Salinas,7,9,0.55370487015975,76.38349065334073
3D-CNN-Only,Salinas,7,10,0.5365488475149657,76.69813066814733
3D-CNN-Only,Salinas,7,11,0.5052417893112312,78.21580603368498
3D-CNN-Only,Salinas,7,12,0.4970024621157917,77.99370719970386
3D-CNN-Only,Salinas,7,13,0.49873470351053084,77.623542476402
3D-CNN-Only,Salinas,7,14,0.4750158998363,79.17823431426984
3D-CNN-Only,Salinas,7,15,0.45678613891033204,81.12159911160465
3D-CNN-Only,Salinas,7,16,0.4618720102482276,80.23320377568017
3D-CNN-Only,Salinas,7,17,0.42755327904509016,81.91745326670369
3D-CNN-Only,Salinas,7,18,0.4227400322479384,81.8989450305386
3D-CNN-Only,Salinas,7,19,0.4105828370559046,82.39866740699611
3D-CNN-Only,Salinas,7,20,0.4147154156883271,82.67629094947252
3D-CNN-Only,Salinas,7,21,0.39125627961596493,83.78678511937812
3D-CNN-Only,Salinas,7,22,0.38701965185904447,83.58319452156209
3D-CNN-Only,Salinas,7,23,0.3852053315864985,84.02739218952433
3D-CNN-Only,Salinas,7,24,0.39272692779159407,83.25004627059042
3D-CNN-Only,Salinas,7,25,0.3792600751187919,84.08291689801962
3D-CNN-Only,Salinas,7,26,0.35580022177739473,85.39700166574126
3D-CNN-Only,Salinas,7,27,0.3861970288343569,83.8608180640385
3D-CNN-Only,Salinas,7,28,0.36993882621567975,84.7121969276328
3D-CNN-Only,Salinas,7,29,0.36245179619807655,85.10086988709976
3D-CNN-Only,Salinas,7,30,0.3673971258841597,85.13788635942994
QHSA-Net,Salinas,21,1,1.3636535631822653,50.91615769017213
QHSA-Net,Salinas,21,2,0.5218287662854796,77.27188598926521
QHSA-Net,Salinas,21,3,0.3631278422228301,84.10142513418471
QHSA-Net,Salinas,21,4,0.285747176030378,88.11771238201
QHSA-Net,Salinas,21,5,0.27539263537156017,88.74699241162317
QHSA-Net,Salinas,21,6,0.2149846010846428,91.02350545992967
QHSA-Net,Salinas,21,7,0.19356951155023577,91.61576901721266
QHSA-Net,Salinas,21,8,0.19850811595588444,92.3375902276513
QHSA-Net,Salinas,21,9,0.19175736023092102,92.22654081066074
QHSA-Net,Salinas,21,10,0.15761854044655926,93.96631501017953
QHSA-Net,Salinas,21,11,0.13603509286587137,94.68813622061818
QHSA-Net,Salinas,21,12,0.13114867007900075,94.76216916527855
QHSA-Net,Salinas,21,13,0.11675722918978404,95.53951508421248
QHSA-Net,Salinas,21,14,0.1132688553503613,95.39144919489173
QHSA-Net,Salinas,21,15,0.0961866781088642,96.37238571164168
QHSA-Net,Salinas,21,16,0.10323732823006604,96.27984453081622
QHSA-Net,Salinas,21,17,0.09200750819769211,96.40940218397188
QHSA-Net,Salinas,21,18,0.10277125610798106,95.85415509901907
QHSA-Net,Salinas,21,19,0.08217615517197263,96.96464926892467
QHSA-Net,Salinas,21,20,0.07575762437564476,97.26078104756617
QHSA-Net,Salinas,21,21,0.06615922921951692,97.50138811771238
QHSA-Net,Salinas,21,22,0.06514802068822168,97.53840459004257
QHSA-Net,Salinas,21,23,0.06522297042013649,97.37183046455672
QHSA-Net,Salinas,21,24,0.059576489800780695,97.90856931334444
QHSA-Net,Salinas,21,25,0.05493083712063122,98.019618730335
QHSA-Net,Salinas,21,26,0.057165027110831025,97.98260225800482
QHSA-Net,Salinas,21,27,0.05563556078829005,97.98260225800482
QHSA-Net,Salinas,21,28,0.04957513753431617,98.18619285582085
QHSA-Net,Salinas,21,29,0.05239210829694481,98.24171756431612
QHSA-Net,Salinas,21,30,0.05137084905136057,98.09365167499537
SSRN,Salinas,21,1,0.7198572625126328,73.9404034795484
SSRN,Salinas,21,2,0.2646470286080336,89.45030538589673
SSRN,Salinas,21,3,0.16322201371534917,93.70719970386821
SSRN,Salinas,21,4,0.15415665623012262,93.85526559318897
SSRN,Salinas,21,5,0.11472041341616625,95.55802332037757
SSRN,Salinas,21,6,0.12556405456099945,95.09531741625024
SSRN,Salinas,21,7,0.08867355912745237,96.57597630945772
SSRN,Salinas,21,8,0.10083120358049837,96.22431982232094
SSRN,Salinas,21,9,0.09659208149109508,96.44641865630206
SSRN,Salinas,21,10,0.09027897661705933,96.83509161576902
SSRN,Salinas,21,11,0.09286486247684389,96.52045160096243
SSRN,Salinas,21,12,0.057171424671210516,97.87155284101425
SSRN,Salinas,21,13,0.04242752539967853,98.48232463446234
SSRN,Salinas,21,14,0.04627325706040497,98.14917638349065
SSRN,Salinas,21,15,0.030535068025792856,98.68591523227836
SSRN,Salinas,21,16,0.036206294728852235,98.61188228761799
SSRN,Salinas,21,17,0.034271163986239105,98.75994817693874
SSRN,Salinas,21,18,0.02850959876453283,98.94503053858968
SSRN,Salinas,21,19,0.020967383878817497,99.27817878956135
SSRN,Salinas,21,20,0.020669741984563648,99.22265408106608
SSRN,Salinas,21,21,0.017017256074493493,99.4262446788821
SSRN,Salinas,21,22,0.010299339646746907,99.66685174902833
SSRN,Salinas,21,23,0.008143851251101633,99.85193411067925
SSRN,Salinas,21,24,0.008555658391583591,99.7038682213585
SSRN,Salinas,21,25,0.008702808611254222,99.77790116601888
SSRN,Salinas,21,26,0.006739583389232683,99.74088469368868
SSRN,Salinas,21,27,0.005047849999155002,99.88895058300943
SSRN,Salinas,21,28,0.005137119628127037,99.85193411067925
SSRN,Salinas,21,29,0.005626892546267569,99.81491763834907
SSRN,Salinas,21,30,0.0071930279833315154,99.68535998519341
3D-CNN-Only,Salinas,21,1,1.9804773422031519,37.23857116416806
3D-CNN-Only,Salinas,21,2,1.1509819811590287,56.11697205256338
3D-CNN-Only,Salinas,21,3,0.873000758909504,63.11308532296872
3D-CNN-Only,Salinas,21,4,0.7541534389784088,67.88821025356283
3D-CNN-Only,Salinas,21,5,0.6765505935160425,71.36775865260041
3D-CNN-Only,Salinas,21,6,0.6512452135389654,71.44179159726079
3D-CNN-Only,Salinas,21,7,0.6197135095328904,72.94095872663335
3D-CNN-Only,Salinas,21,8,0.5827748328474921,74.7547658708125
3D-CNN-Only,Salinas,21,9,0.5525837093177999,76.17990005552471
3D-CNN-Only,Salinas,21,10,0.5420083024756414,76.58708125115676
3D-CNN-Only,Salinas,21,11,0.5278619785739518,76.4945400703313
3D-CNN-Only,Salinas,21,12,0.5101596265727891,78.12326485285952
3D-CNN-Only,Salinas,21,13,0.5097314868285747,77.77160836572274
3D-CNN-Only,Salinas,21,14,0.47347432972876075,78.97464371645381
3D-CNN-Only,Salinas,21,15,0.46291864777679204,79.65944845456228
3D-CNN-Only,Salinas,21,16,0.4424371551787789,80.64038497131223
3D-CNN-Only,Salinas,21,17,0.44439874060745704,80.7144179159726
3D-CNN-Only,Salinas,21,18,0.42248472961346,81.91745326670369
3D-CNN-Only,Salinas,21,19,0.42251530659765796,81.8804367943735
3D-CNN-Only,Salinas,21,20,0.42956165000506735,81.73237090505275
3D-CNN-Only,Salinas,21,21,0.4073597543243565,82.91689801961873
3D-CNN-Only,Salinas,21,22,0.38675919106751044,83.49065334073663
3D-CNN-Only,Salinas,21,23,0.39569153535615376,83.21302979826022
3D-CNN-Only,Salinas,21,24,0.3801652671462096,83.87932630020359
3D-CNN-Only,Salinas,21,25,0.37746216971499597,84.49009809365168
3D-CNN-Only,Salinas,21,26,0.3724854336846389,84.78622987229318
3D-CNN-Only,Salinas,21,27,0.38654901281719006,84.21247455117528
3D-CNN-Only,Salinas,21,28,0.3784882038164289,83.95335924486396
3D-CNN-Only,Salinas,21,29,0.37329353020629374,84.63816398297243
3D-CNN-Only,Salinas,21,30,0.36943619875208045,85.60059226355729
QHSA-Net,PaviaU,7,1,1.1376410155002836,61.455651766908495
QHSA-Net,PaviaU,7,2,0.4827364585716552,81.11397144863093
QHSA-Net,PaviaU,7,3,0.33936664178922143,86.91785630704423
QHSA-Net,PaviaU,7,4,0.2739702200976072,89.81979873625087
QHSA-Net,PaviaU,7,5,0.20425484097034624,92.3238942195179
QHSA-Net,PaviaU,7,6,0.14858707304710028,94.85139246431079
QHSA-Net,PaviaU,7,7,0.14485055199836697,94.82798970278493
QHSA-Net,PaviaU,7,8,0.11236245383301664,95.97472501755207
QHSA-Net,PaviaU,7,9,0.0758036962914545,97.42569623215539
QHSA-Net,PaviaU,7,10,0.08167330416783833,97.1214603323192
QHSA-Net,PaviaU,7,11,0.07631632109387763,97.28527966300024
QHSA-Net,PaviaU,7,12,0.06393439355577682,97.82354317809502
QHSA-Net,PaviaU,7,13,0.04850588430751446,98.40861221624152
QHSA-Net,PaviaU,7,14,0.0319990429538155,99.13409782354317
QHSA-Net,PaviaU,7,15,0.02305096607605593,99.34472267727593
QHSA-Net,PaviaU,7,16,0.010706652044823182,99.67236133863796
QHSA-Net,PaviaU,7,17,0.006974188275369337,99.88298619237071
QHSA-Net,PaviaU,7,18,0.00632863770342148,99.85958343084485
QHSA-Net,PaviaU,7,19,0.008958017392687303,99.67236133863796
QHSA-Net,PaviaU,7,20,0.004620447709034844,99.83618066931898
QHSA-Net,PaviaU,7,21,0.0036171853596598724,99.95319447694828
QHSA-Net,PaviaU,7,22,0.002987943971490371,99.95319447694828
QHSA-Net,PaviaU,7,23,0.0029731860589549877,99.92979171542243
QHSA-Net,PaviaU,7,24,0.0021693697581736805,99.97659723847414
QHSA-Net,PaviaU,7,25,0.002188521094244582,99.97659723847414
QHSA-Net,PaviaU,7,26,0.0015819564180218927,100.0
QHSA-Net,PaviaU,7,27,0.0014788963482796924,100.0
QHSA-Net,PaviaU,7,28,0.0015974062556614926,99.97659723847414
QHSA-Net,PaviaU,7,29,0.0019530613079323594,100.0
QHSA-Net,PaviaU,7,30,0.00171264149117282,99.97659723847414
SSRN,PaviaU,7,1,0.5838230843883528,79.0779311958811
SSRN,PaviaU,7,2,0.21029185158654562,92.27708869646618
SSRN,PaviaU,7,3,0.1262746600989098,95.2024338871987
SSRN,PaviaU,7,4,0.12174723965172296,95.74069740229348
SSRN,PaviaU,7,5,0.07564086547235178,97.19166861689679
SSRN,PaviaU,7,6,0.05736480151989017,98.03416803182775
SSRN,PaviaU,7,7,0.04144056273631711,98.52562602387081
SSRN,PaviaU,7,8,0.05868933954847841,98.08097355487948
SSRN,PaviaU,7,9,0.04873657906844274,98.19798736250877
SSRN,PaviaU,7,10,0.038511030834535234,98.7128481160777
SSRN,PaviaU,7,11,0.022038018098809373,99.27451439269834
SSRN,PaviaU,7,12,0.01645134175804385,99.4149309618535
SSRN,PaviaU,7,13,0.016830276581758435,99.4149309618535
SSRN,PaviaU,7,14,0.00433988629404077,99.92979171542243
SSRN,PaviaU,7,15,0.008359455725892143,99.7659723847414
SSRN,PaviaU,7,16,0.010008532291220703,99.6489585771121
SSRN,PaviaU,7,17,0.005556113242785303,99.83618066931898
SSRN,PaviaU,7,18,0.003051552840971893,99.97659723847414
SSRN,PaviaU,7,19,0.0019129478340376086,99.95319447694828
SSRN,PaviaU,7,20,0.0012851815555948026,100.0
SSRN,PaviaU,7,21,0.0013586564842392398,99.97659723847414
SSRN,PaviaU,7,22,0.0010541579833497456,100.0
SSRN,PaviaU,7,23,0.0013870775017197745,99.95319447694828
SSRN,PaviaU,7,24,0.0010081288248952021,99.97659723847414
SSRN,PaviaU,7,25,0.0013154982589185238,99.97659723847414
SSRN,PaviaU,7,26,0.0006365517377675352,100.0
SSRN,PaviaU,7,27,0.000671038779177345,100.0
SSRN,PaviaU,7,28,0.0007330513492914468,100.0
SSRN,PaviaU,7,29,0.0006729081382969206,100.0
SSRN,PaviaU,7,30,0.0013020337534313288,99.97659723847414
3D-CNN-Only,PaviaU,7,1,1.4265046161258357,54.785864732038384
3D-CNN-Only,PaviaU,7,2,0.801259236985226,70.25509010063188
3D-CNN-Only,PaviaU,7,3,0.5696601573767551,78.09501521179499
3D-CNN-Only,PaviaU,7,4,0.4760188088884628,81.79265153288088
3D-CNN-Only,PaviaU,7,5,0.42496684257777156,84.1797332085186
3D-CNN-Only,PaviaU,7,6,0.38187378643548325,85.67750994617364
3D-CNN-Only,PaviaU,7,7,0.3368957234424923,87.47952258366487
3D-CNN-Only,PaviaU,7,8,0.33544724796071085,87.47952258366487
3D-CNN-Only,PaviaU,7,9,0.30284496294428254,88.83688275216475
3D-CNN-Only,PaviaU,7,10,0.2925689368986732,88.79007722911304
3D-CNN-Only,PaviaU,7,11,0.27974291793738765,89.11771589047508
3D-CNN-Only,PaviaU,7,12,0.2692350672735366,89.25813245963023
3D-CNN-Only,PaviaU,7,13,0.25665053808588684,90.5686871050784
3D-CNN-Only,PaviaU,7,14,0.2486048413193424,91.06014509712146
3D-CNN-Only,PaviaU,7,15,0.22392916189419032,91.87924175052656
3D-CNN-Only,PaviaU,7,16,0.22586079400399794,91.59840861221625
3D-CNN-Only,PaviaU,7,17,0.22799656309122898,91.24736718932834
3D-CNN-Only,PaviaU,7,18,0.20661313473313467,92.25368593494032
3D-CNN-Only,PaviaU,7,19,0.19984575351423384,92.83875497308682
3D-CNN-Only,PaviaU,7,20,0.19632323854335879,93.09618534987129
3D-CNN-Only,PaviaU,7,21,0.1843494145932422,92.7919494500351
3D-CNN-Only,PaviaU,7,22,0.18212608885993842,93.35361572665575
3D-CNN-Only,PaviaU,7,23,0.17789664674483166,93.65785162649193
3D-CNN-Only,PaviaU,7,24,0.1750497824688748,94.26632342616429
3D-CNN-Only,PaviaU,7,25,0.1685384085731877,94.14930961853499
3D-CNN-Only,PaviaU,7,26,0.17583181139403417,93.3770184881816
3D-CNN-Only,PaviaU,7,27,0.16543244717482686,94.12590685700913
3D-CNN-Only,PaviaU,7,28,0.16310461019635508,94.50035104142289
3D-CNN-Only,PaviaU,7,29,0.16800909784417395,94.57055932600046
3D-CNN-Only,PaviaU,7,30,0.1598816061575073,94.50035104142289
QHSA-Net,PaviaU,21,1,1.0805821313446253,63.46828925813246
QHSA-Net,PaviaU,21,2,0.48540513203848784,80.435291364381
QHSA-Net,PaviaU,21,3,0.3500085506050307,86.37959279194945
QHSA-Net,PaviaU,21,4,0.23525865230227197,91.55160308916453
QHSA-Net,PaviaU,21,5,0.15789881679727466,94.05569857243154
QHSA-Net,PaviaU,21,6,0.13357948430759578,94.89819798736251
QHSA-Net,PaviaU,21,7,0.12206756727926463,95.74069740229348
QHSA-Net,PaviaU,21,8,0.09847071316993797,96.63000234027615
QHSA-Net,PaviaU,21,9,0.059232748202716276,97.94055698572431
QHSA-Net,PaviaU,21,10,0.048639951414162094,98.33840393166393
QHSA-Net,PaviaU,21,11,0.036827705461395,98.80645916218114
QHSA-Net,PaviaU,21,12,0.02654644199371296,99.15750058506903
QHSA-Net,PaviaU,21,13,0.018774093199875917,99.53194476948279
QHSA-Net,PaviaU,21,14,0.012962427755293372,99.6489585771121
QHSA-Net,PaviaU,21,15,0.01264357013183694,99.69576410016381
QHSA-Net,PaviaU,21,16,0.007484153884479032,99.81277790779312
QHSA-Net,PaviaU,21,17,0.008279866290690887,99.74256962321554
QHSA-Net,PaviaU,21,18,0.006519215743467403,99.85958343084485
QHSA-Net,PaviaU,21,19,0.005404896896856467,99.83618066931898
QHSA-Net,PaviaU,21,20,0.004633672255020098,99.85958343084485
QHSA-Net,PaviaU,21,21,0.002290838011332325,99.92979171542243
QHSA-Net,PaviaU,21,22,0.002575291480878645,99.90638895389657
QHSA-Net,PaviaU,21,23,0.002940736537825775,99.90638895389657
QHSA-Net,PaviaU,21,24,0.0012566465788444643,99.97659723847414
QHSA-Net,PaviaU,21,25,0.0021711386523996113,99.92979171542243
QHSA-Net,PaviaU,21,26,0.0011589320399278086,100.0
QHSA-Net,PaviaU,21,27,0.0015518572635252782,99.97659723847414
QHSA-Net,PaviaU,21,28,0.0009432870292787199,100.0
QHSA-Net,PaviaU,21,29,0.0008982590803390043,100.0
QHSA-Net,PaviaU,21,30,0.0017629210506193164,99.97659723847414
SSRN,PaviaU,21,1,0.5527658043980682,80.29487479522584
SSRN,PaviaU,21,2,0.14598881546560508,94.71097589515563
SSRN,PaviaU,21,3,0.1598234639049497,94.89819798736251
SSRN,PaviaU,21,4,0.05877270356994126,98.05757079335362
SSRN,PaviaU,21,5,0.047962421900293054,98.33840393166393
SSRN,PaviaU,21,6,0.0721992630221206,97.44909899368125
SSRN,PaviaU,21,7,0.047695169750607155,98.66604259302598
SSRN,PaviaU,21,8,0.026585475164915683,99.0638895389656
SSRN,PaviaU,21,9,0.01562815555017167,99.55534753100866
SSRN,PaviaU,21,10,0.02486339583862185,99.08729230049146
SSRN,PaviaU,21,11,0.016648320890065103,99.4149309618535
SSRN,PaviaU,21,12,0.01662334752105187,99.43833372337936
SSRN,PaviaU,21,13,0.010432157575257651,99.78937514626726
SSRN,PaviaU,21,14,0.012973969369306015,99.53194476948279
SSRN,PaviaU,21,15,0.007922741934297907,99.69576410016381
SSRN,PaviaU,21,16,0.006158209507556411,99.74256962321554
SSRN,PaviaU,21,17,0.004989782591908233,99.85958343084485
SSRN,PaviaU,21,18,0.007617933627369705,99.67236133863796
SSRN,PaviaU,21,19,0.0023497776074407777,99.92979171542243
SSRN,PaviaU,21,20,0.0019994474973443702,99.92979171542243
SSRN,PaviaU,21,21,0.002792981021760136,99.90638895389657
SSRN,PaviaU,21,22,0.0011231580405547715,99.97659723847414
SSRN,PaviaU,21,23,0.0005743196375505455,100.0
SSRN,PaviaU,21,24,0.000945326005099909,99.97659723847414
SSRN,PaviaU,21,25,0.0005537760989282131,100.0
SSRN,PaviaU,21,26,0.0006715967055362632,100.0
SSRN,PaviaU,21,27,0.001102020617940836,99.95319447694828
SSRN,PaviaU,21,28,0.0010432228527535643,99.97659723847414
SSRN,PaviaU,21,29,0.0006830966104190174,100.0
SSRN,PaviaU,21,30,0.00048397259438459877,100.0
3D-CNN-Only,PaviaU,21,1,1.4613086013779437,51.322256026211086
3D-CNN-Only,PaviaU,21,2,0.7526213454050786,72.6421717762696
3D-CNN-Only,PaviaU,21,3,0.5598358291249461,78.63327872688977
3D-CNN-Only,PaviaU,21,4,0.47880049177140116,81.74584600982917
3D-CNN-Only,PaviaU,21,5,0.41538862816042627,84.3669553007255
3D-CNN-Only,PaviaU,21,6,0.34727209142463533,87.24549496840626
3D-CNN-Only,PaviaU,21,7,0.345658545970582,86.33278726889773
3D-CNN-Only,PaviaU,21,8,0.32558871905752906,87.94757781418208
3D-CNN-Only,PaviaU,21,9,0.3189354323682421,87.50292534519073
3D-CNN-Only,PaviaU,21,10,0.282978803205345,88.76667446758717
3D-CNN-Only,PaviaU,21,11,0.28651490673970315,89.09431312894922
3D-CNN-Only,PaviaU,21,12,0.2584722530442882,90.19424292066464
3D-CNN-Only,PaviaU,21,13,0.2569329190660131,90.03042358998363
3D-CNN-Only,PaviaU,21,14,0.2584817290180549,89.84320149777673
3D-CNN-Only,PaviaU,21,15,0.2397108677222805,90.47507605897496
3D-CNN-Only,PaviaU,21,16,0.2321970509424049,90.75590919728528
3D-CNN-Only,PaviaU,21,17,0.23823912640156913,91.13035338169904
3D-CNN-Only,PaviaU,21,18,0.23283568443283664,91.36438099695764
3D-CNN-Only,PaviaU,21,19,0.2147927467253346,91.6218113737421
3D-CNN-Only,PaviaU,21,20,0.19804499292928832,92.69833840393167
3D-CNN-Only,PaviaU,21,21,0.20681368888972823,92.25368593494032
3D-CNN-Only,PaviaU,21,22,0.2021254118790873,92.62813011935408
3D-CNN-Only,PaviaU,21,23,0.19783330381460612,92.62813011935408
3D-CNN-Only,PaviaU,21,24,0.19433195113773064,92.67493564240581
3D-CNN-Only,PaviaU,21,25,0.18825163312645168,93.2600046805523
3D-CNN-Only,PaviaU,21,26,0.1902115454641405,93.04937982681956
3D-CNN-Only,PaviaU,21,27,0.1860624325553009,93.16639363444887
3D-CNN-Only,PaviaU,21,28,0.1786699941377017,93.33021296512989
3D-CNN-Only,PaviaU,21,29,0.17604884436572432,93.68125438801779
3D-CNN-Only,PaviaU,21,30,0.17994217082889472,93.51743505733677
